-- PERMISSOES
INSERT INTO PERMISSAO (ID, ROLE) VALUES (1, 'ROLE_BOOK_CREATE');
INSERT INTO PERMISSAO (ID, ROLE) VALUES (2, 'ROLE_BOOK_EDIT');
INSERT INTO PERMISSAO (ID, ROLE) VALUES (3, 'ROLE_BOOK_SEARCH');
INSERT INTO PERMISSAO (ID, ROLE) VALUES (4, 'ROLE_BOOK_DELETE');
INSERT INTO PERMISSAO (ID, ROLE) VALUES (5, 'ROLE_BOOK_READ');
INSERT INTO PERMISSAO (ID, ROLE) VALUES (6, 'ROLE_BOOK_RENT');
INSERT INTO PERMISSAO (ID, ROLE) VALUES (7, 'ROLE_BOOK_GIVEBACK');

-- USUARIOS
INSERT INTO USUARIO (ID, USERNAME, PASSWORD) VALUES (1, 'admin', '$2a$10$5CURbuWZuSpUwG8gACGSdeRtdogO5Vj5bXHJdqv2Y6zKLTF2.Es1K');
INSERT INTO USUARIO (ID, USERNAME, PASSWORD) VALUES (2, 'bibliotecario', '$2a$10$7soR74igJBTZr8RFQrfAy.m8WtOTHltKrFAXYNyK879M5Cltg3P7e');
INSERT INTO USUARIO (ID, USERNAME, PASSWORD) VALUES (3, 'estudante', '$2a$10$AdqsHV6vIW2Z1NSfeUOiYuWFfAWxv0Znz1jNIgfNpkyEDLse6hJ62');

-- PERMISSAO DE USUARIO
INSERT INTO USUARIO_PERMISSAO (ID, USUARIO_ID, PERMISSAO_ID) VALUES (1, 1, 1);
INSERT INTO USUARIO_PERMISSAO (ID, USUARIO_ID, PERMISSAO_ID) VALUES (2, 1, 2);
INSERT INTO USUARIO_PERMISSAO (ID, USUARIO_ID, PERMISSAO_ID) VALUES (3, 1, 3);
INSERT INTO USUARIO_PERMISSAO (ID, USUARIO_ID, PERMISSAO_ID) VALUES (4, 1, 4);
INSERT INTO USUARIO_PERMISSAO (ID, USUARIO_ID, PERMISSAO_ID) VALUES (5, 1, 5);
INSERT INTO USUARIO_PERMISSAO (ID, USUARIO_ID, PERMISSAO_ID) VALUES (13, 1, 7);

INSERT INTO USUARIO_PERMISSAO (ID, USUARIO_ID, PERMISSAO_ID) VALUES (6, 2, 1);
INSERT INTO USUARIO_PERMISSAO (ID, USUARIO_ID, PERMISSAO_ID) VALUES (7, 2, 2);
INSERT INTO USUARIO_PERMISSAO (ID, USUARIO_ID, PERMISSAO_ID) VALUES (8, 2, 3);
INSERT INTO USUARIO_PERMISSAO (ID, USUARIO_ID, PERMISSAO_ID) VALUES (9, 2, 5);
INSERT INTO USUARIO_PERMISSAO (ID, USUARIO_ID, PERMISSAO_ID) VALUES (14, 2, 7);

INSERT INTO USUARIO_PERMISSAO (ID, USUARIO_ID, PERMISSAO_ID) VALUES (10, 3, 3);
INSERT INTO USUARIO_PERMISSAO (ID, USUARIO_ID, PERMISSAO_ID) VALUES (11, 3, 5);
INSERT INTO USUARIO_PERMISSAO (ID, USUARIO_ID, PERMISSAO_ID) VALUES (12, 3, 6);

-- LIVROS
INSERT INTO LIVRO (ID, NOME) VALUES (1, 'Eu sou a lenda');
INSERT INTO LIVRO (ID, NOME) VALUES (2, 'Quebrando a cabeça - Java');
INSERT INTO LIVRO (ID, NOME) VALUES (3, 'Star Wars - Retorno do Jedi');
INSERT INTO LIVRO (ID, NOME) VALUES (4, 'Harry Potter e a Pedra Filosofal');
INSERT INTO LIVRO (ID, NOME) VALUES (5, 'Game Of Thrones');