-- ROLE
INSERT INTO ROLE (ID, FAMILY, PERMISSION) VALUES (1, 'BOOK', 'CREATE');
INSERT INTO ROLE (ID, FAMILY, PERMISSION) VALUES (2, 'BOOK', 'EDIT');
INSERT INTO ROLE (ID, FAMILY, PERMISSION) VALUES (3, 'BOOK', 'SEARCH');
INSERT INTO ROLE (ID, FAMILY, PERMISSION) VALUES (4, 'BOOK', 'DELETE');
INSERT INTO ROLE (ID, FAMILY, PERMISSION) VALUES (5, 'BOOK', 'READ');
INSERT INTO ROLE (ID, FAMILY, PERMISSION) VALUES (6, 'BOOK', 'RENT');
INSERT INTO ROLE (ID, FAMILY, PERMISSION) VALUES (7, 'BOOK', 'GIVEBACK');

-- USER
INSERT INTO USER (ID, USERNAME, PASSWORD) VALUES (1, 'admin', '$2a$10$5CURbuWZuSpUwG8gACGSdeRtdogO5Vj5bXHJdqv2Y6zKLTF2.Es1K');
INSERT INTO USER (ID, USERNAME, PASSWORD) VALUES (2, 'librarian', '$2a$10$7soR74igJBTZr8RFQrfAy.m8WtOTHltKrFAXYNyK879M5Cltg3P7e');
INSERT INTO USER (ID, USERNAME, PASSWORD) VALUES (3, 'student', '$2a$10$AdqsHV6vIW2Z1NSfeUOiYuWFfAWxv0Znz1jNIgfNpkyEDLse6hJ62');

-- admin
INSERT INTO USER_ROLE (ID, USER_ID, ROLE_ID) VALUES (NEXTVAL('USER_ROLE_SEQUENCE'), 1, 1);
INSERT INTO USER_ROLE (ID, USER_ID, ROLE_ID) VALUES (NEXTVAL('USER_ROLE_SEQUENCE'), 1, 2);
INSERT INTO USER_ROLE (ID, USER_ID, ROLE_ID) VALUES (NEXTVAL('USER_ROLE_SEQUENCE'), 1, 3);
INSERT INTO USER_ROLE (ID, USER_ID, ROLE_ID) VALUES (NEXTVAL('USER_ROLE_SEQUENCE'), 1, 4);
INSERT INTO USER_ROLE (ID, USER_ID, ROLE_ID) VALUES (NEXTVAL('USER_ROLE_SEQUENCE'), 1, 5);
INSERT INTO USER_ROLE (ID, USER_ID, ROLE_ID) VALUES (NEXTVAL('USER_ROLE_SEQUENCE'), 1, 7);

-- librarian
INSERT INTO USER_ROLE (ID, USER_ID, ROLE_ID) VALUES (NEXTVAL('USER_ROLE_SEQUENCE'), 2, 1);
INSERT INTO USER_ROLE (ID, USER_ID, ROLE_ID) VALUES (NEXTVAL('USER_ROLE_SEQUENCE'), 2, 2);
INSERT INTO USER_ROLE (ID, USER_ID, ROLE_ID) VALUES (NEXTVAL('USER_ROLE_SEQUENCE'), 2, 3);
INSERT INTO USER_ROLE (ID, USER_ID, ROLE_ID) VALUES (NEXTVAL('USER_ROLE_SEQUENCE'), 2, 5);
INSERT INTO USER_ROLE (ID, USER_ID, ROLE_ID) VALUES (NEXTVAL('USER_ROLE_SEQUENCE'), 2, 7);

-- student
INSERT INTO USER_ROLE (ID, USER_ID, ROLE_ID) VALUES (NEXTVAL('USER_ROLE_SEQUENCE'), 3, 3);
INSERT INTO USER_ROLE (ID, USER_ID, ROLE_ID) VALUES (NEXTVAL('USER_ROLE_SEQUENCE'), 3, 5);
INSERT INTO USER_ROLE (ID, USER_ID, ROLE_ID) VALUES (NEXTVAL('USER_ROLE_SEQUENCE'), 3, 6);

-- BOOK
INSERT INTO BOOK (ID, NAME) VALUES (NEXTVAL('BOOK_SEQUENCE'), 'Eu sou a lenda');
INSERT INTO BOOK (ID, NAME) VALUES (NEXTVAL('BOOK_SEQUENCE'), 'Quebrando a cabeça - Java');
INSERT INTO BOOK (ID, NAME) VALUES (NEXTVAL('BOOK_SEQUENCE'), 'Star Wars - Retorno do Jedi');
INSERT INTO BOOK (ID, NAME) VALUES (NEXTVAL('BOOK_SEQUENCE'), 'Harry Potter e a Pedra Filosofal');
INSERT INTO BOOK (ID, NAME) VALUES (NEXTVAL('BOOK_SEQUENCE'), 'Game Of Thrones');